NumeActivitate,Locatie,Entuziasm,MijloaceDeTransport,ObiectiveDeVizitat
Vizita gradina zoologica,Gradina zoologica Bucuresti,7,metrou&autobuz,lei&maimute
Vizita gradina zoologica,Gradina zoologica Bucuresti,7,metrou&autobuz,lei&maimute
Vizita gradina zoologica,Gradina zoologica Bucuresti,7,metrou&autobuz,lei&maimute
Vizita gradina zoologica,Gradina zoologica Bucuresti,7,metrou&autobuz,lei&maimute
Vizita gradina zoologica,Gradina zoologica Bucuresti,7,metrou&autobuz,lei&maimute
Vizita gradina zoologica,Gradina zoologica Bucuresti,7,metrou&autobuz,lei&maimute
Vizita gradina zoologica,Gradina zoologica Bucuresti,7,metrou&autobuz,lei&maimute
Vizita gradina zoologica,Gradina zoologica Bucuresti,7,metrou&autobuz,lei&maimute
Vizita gradina zoologica,Gradina zoologica Bucuresti,7,metrou&autobuz,lei&maimute
Vizita gradina zoologica,Gradina zoologica Bucuresti,7,metrou&autobuz,lei&maimute
Vizita gradina zoologica,Gradina zoologica Bucuresti,7,metrou&autobuz,lei&maimute
Vizita gradina zoologica,Gradina zoologica Bucuresti,7,metrou&autobuz,lei&maimute
Vizita gradina zoologica,Gradina zoologica Bucuresti,7,metrou&autobuz,lei&maimute
Vizita gradina zoologica,Gradina zoologica Bucuresti,7,metrou&autobuz,lei&maimute
Vizita gradina zoologica,Gradina zoologica Bucuresti,7,metrou&autobuz,lei&maimute
Vizita gradina zoologica,Gradina zoologica Bucuresti,7,metrou&autobuz,lei&maimute
Vizita gradina zoologica,Gradina zoologica Bucuresti,7,metrou&autobuz,lei&maimute
Vizita gradina zoologica,Gradina zoologica Bucuresti,7,metrou&autobuz,lei&maimute
Vizita gradina zoologica,Gradina zoologica Bucuresti,7,metrou&autobuz,lei&maimute
Vizita gradina zoologica,Gradina zoologica Bucuresti,7,metrou&autobuz,lei&maimute
Vizita gradina zoologica,Gradina zoologica Bucuresti,7,metrou&autobuz,lei&maimute
Vizita gradina zoologica,Gradina zoologica Bucuresti,7,metrou&autobuz,lei&maimute
Vizita gradina zoologica,Gradina zoologica Bucuresti,7,metrou&autobuz,lei&maimute
Vizita gradina zoologica,Gradina zoologica Bucuresti,7,metrou&autobuz,lei&maimute
Vizita gradina zoologica,Gradina zoologica Bucuresti,7,metrou&autobuz,lei&maimute
Vizita gradina zoologica,Gradina zoologica Bucuresti,7,metrou&autobuz,lei&maimute
Vizita gradina zoologica,Gradina zoologica Bucuresti,7,metrou&autobuz,lei&maimute
Vizita gradina zoologica,Gradina zoologica Bucuresti,7,metrou&autobuz,lei&maimute
Vizita gradina zoologica,Gradina zoologica Bucuresti,7,metrou&autobuz,lei&maimute
Vizita gradina zoologica,Gradina zoologica Bucuresti,7,metrou&autobuz,lei&maimute
Vizita gradina zoologica,Gradina zoologica Bucuresti,7,metrou&autobuz,lei&maimute
Vizita gradina zoologica,Gradina zoologica Bucuresti,7,metrou&autobuz,lei&maimute
Vizita gradina zoologica,Gradina zoologica Bucuresti,7,metrou&autobuz,lei&maimute
Vizita gradina zoologica,Gradina zoologica Bucuresti,7,metrou&autobuz,lei&maimute
Vizita gradina zoologica,Gradina zoologica Bucuresti,7,metrou&autobuz,lei&maimute
Vizita gradina zoologica,Gradina zoologica Bucuresti,7,metrou&autobuz,lei&maimute
Vizita gradina zoologica,Gradina zoologica Bucuresti,7,metrou&autobuz,lei&maimute
Vizita gradina zoologica,Gradina zoologica Bucuresti,7,metrou&autobuz,lei&maimute
Vizita gradina zoologica,Gradina zoologica Bucuresti,7,metrou&autobuz,lei&maimute
Vizita gradina zoologica,Gradina zoologica Bucuresti,7,metrou&autobuz,lei&maimute
Vizita gradina zoologica,Gradina zoologica Bucuresti,7,metrou&autobuz,lei&maimute
Vizita gradina zoologica,Gradina zoologica Bucuresti,7,metrou&autobuz,lei&maimute
Vizita gradina zoologica,Gradina zoologica Bucuresti,7,metrou&autobuz,lei&maimute
Vizita gradina zoologica,Gradina zoologica Bucuresti,7,metrou&autobuz,lei&maimute
Vizita gradina zoologica,Gradina zoologica Bucuresti,7,metrou&autobuz,lei&maimute
Vizita gradina zoologica,Gradina zoologica Bucuresti,7,metrou&autobuz,lei&maimute
Vizita gradina zoologica,Gradina zoologica Bucuresti,7,metrou&autobuz,lei&maimute
Vizita gradina zoologica,Gradina zoologica Bucuresti,7,metrou&autobuz,lei&maimute
Vizita gradina zoologica,Gradina zoologica Bucuresti,7,metrou&autobuz,lei&maimute
Vizita gradina zoologica,Gradina zoologica Bucuresti,7,metrou&autobuz,lei&maimute
Vizita gradina zoologica,Gradina zoologica Bucuresti,7,metrou&autobuz,lei&maimute
Vizita gradina zoologica,Gradina zoologica Bucuresti,7,metrou&autobuz,lei&maimute
Vizita gradina zoologica,Gradina zoologica Bucuresti,7,metrou&autobuz,lei&maimute
Vizita gradina zoologica,Gradina zoologica Bucuresti,7,metrou&autobuz,lei&maimute
Vizita gradina zoologica,Gradina zoologica Bucuresti,7,metrou&autobuz,lei&maimute
Vizita gradina zoologica,Gradina zoologica Bucuresti,7,metrou&autobuz,lei&maimute
Vizita gradina zoologica,Gradina zoologica Bucuresti,7,metrou&autobuz,lei&maimute
Vizita gradina zoologica,Gradina zoologica Bucuresti,7,metrou&autobuz,lei&maimute
Vizita gradina zoologica,Gradina zoologica Bucuresti,7,metrou&autobuz,lei&maimute
Vizita gradina zoologica,Gradina zoologica Bucuresti,7,metrou&autobuz,lei&maimute
Vizita gradina zoologica,Gradina zoologica Bucuresti,7,metrou&autobuz,lei&maimute
Vizita gradina zoologica,Gradina zoologica Bucuresti,7,metrou&autobuz,lei&maimute
Vizita gradina zoologica,Gradina zoologica Bucuresti,7,metrou&autobuz,lei&maimute
Vizita gradina zoologica,Gradina zoologica Bucuresti,7,metrou&autobuz,lei&maimute
Vizita gradina zoologica,Gradina zoologica Bucuresti,7,metrou&autobuz,lei&maimute
Vizita gradina zoologica,Gradina zoologica Bucuresti,7,metrou&autobuz,lei&maimute
Vizita gradina zoologica,Gradina zoologica Bucuresti,7,metrou&autobuz,lei&maimute
Vizita gradina zoologica,Gradina zoologica Bucuresti,7,metrou&autobuz,lei&maimute
