NumeActivitate,Locatie,Scop,NumarMembrii,Membrii
Planificare excursie,Valcea,Vom alege locatia si ne vom interesa de cazare si mijloace de transport,2,Alin&Vlad
Planificare excursie,Valcea,Vom alege locatia si ne vom interesa de cazare si mijloace de transport,2,Alin&Vlad
Planificare excursie,Valcea,Vom alege locatia si ne vom interesa de cazare si mijloace de transport,2,Alin&Vlad
Planificare excursie,Valcea,Vom alege locatia si ne vom interesa de cazare si mijloace de transport,2,Alin&Vlad
Planificare excursie,Valcea,Vom alege locatia si ne vom interesa de cazare si mijloace de transport,2,Alin&Vlad
Planificare excursie,Valcea,Vom alege locatia si ne vom interesa de cazare si mijloace de transport,2,Alin&Vlad
Planificare excursie,Valcea,Vom alege locatia si ne vom interesa de cazare si mijloace de transport,2,Alin&Vlad
Planificare excursie,Valcea,Vom alege locatia si ne vom interesa de cazare si mijloace de transport,2,Alin&Vlad
Planificare excursie,Valcea,Vom alege locatia si ne vom interesa de cazare si mijloace de transport,2,Alin&Vlad
Planificare excursie,Valcea,Vom alege locatia si ne vom interesa de cazare si mijloace de transport,2,Alin&Vlad
Planificare excursie,Valcea,Vom alege locatia si ne vom interesa de cazare si mijloace de transport,2,Alin&Vlad
Planificare excursie,Valcea,Vom alege locatia si ne vom interesa de cazare si mijloace de transport,2,Alin&Vlad
Planificare excursie,Valcea,Vom alege locatia si ne vom interesa de cazare si mijloace de transport,2,Alin&Vlad
Planificare excursie,Valcea,Vom alege locatia si ne vom interesa de cazare si mijloace de transport,2,Alin&Vlad
Planificare excursie,Valcea,Vom alege locatia si ne vom interesa de cazare si mijloace de transport,2,Alin&Vlad
Planificare excursie,Valcea,Vom alege locatia si ne vom interesa de cazare si mijloace de transport,2,Alin&Vlad
Planificare excursie,Valcea,Vom alege locatia si ne vom interesa de cazare si mijloace de transport,2,Alin&Vlad
Planificare excursie,Valcea,Vom alege locatia si ne vom interesa de cazare si mijloace de transport,2,Alin&Vlad
Planificare excursie,Valcea,Vom alege locatia si ne vom interesa de cazare si mijloace de transport,2,Alin&Vlad
Planificare excursie,Valcea,Vom alege locatia si ne vom interesa de cazare si mijloace de transport,2,Alin&Vlad
Planificare excursie,Valcea,Vom alege locatia si ne vom interesa de cazare si mijloace de transport,2,Alin&Vlad
Planificare excursie,Valcea,Vom alege locatia si ne vom interesa de cazare si mijloace de transport,2,Alin&Vlad
Planificare excursie,Valcea,Vom alege locatia si ne vom interesa de cazare si mijloace de transport,2,Alin&Vlad
Planificare excursie,Valcea,Vom alege locatia si ne vom interesa de cazare si mijloace de transport,2,Alin&Vlad
Planificare excursie,Valcea,Vom alege locatia si ne vom interesa de cazare si mijloace de transport,2,Alin&Vlad
Planificare excursie,Valcea,Vom alege locatia si ne vom interesa de cazare si mijloace de transport,2,Alin&Vlad
Planificare excursie,Valcea,Vom alege locatia si ne vom interesa de cazare si mijloace de transport,2,Alin&Vlad
Planificare excursie,Valcea,Vom alege locatia si ne vom interesa de cazare si mijloace de transport,2,Alin&Vlad
Planificare excursie,Valcea,Vom alege locatia si ne vom interesa de cazare si mijloace de transport,2,Alin&Vlad
Planificare excursie,Valcea,Vom alege locatia si ne vom interesa de cazare si mijloace de transport,2,Alin&Vlad
Planificare excursie,Valcea,Vom alege locatia si ne vom interesa de cazare si mijloace de transport,2,Alin&Vlad
Planificare excursie,Valcea,Vom alege locatia si ne vom interesa de cazare si mijloace de transport,2,Alin&Vlad
Planificare excursie,Valcea,Vom alege locatia si ne vom interesa de cazare si mijloace de transport,2,Alin&Vlad
Planificare excursie,Valcea,Vom alege locatia si ne vom interesa de cazare si mijloace de transport,2,Alin&Vlad
Planificare excursie,Valcea,Vom alege locatia si ne vom interesa de cazare si mijloace de transport,2,Alin&Vlad
Planificare excursie,Valcea,Vom alege locatia si ne vom interesa de cazare si mijloace de transport,2,Alin&Vlad
Planificare excursie,Valcea,Vom alege locatia si ne vom interesa de cazare si mijloace de transport,2,Alin&Vlad
Planificare excursie,Valcea,Vom alege locatia si ne vom interesa de cazare si mijloace de transport,2,Alin&Vlad
Planificare excursie,Valcea,Vom alege locatia si ne vom interesa de cazare si mijloace de transport,2,Alin&Vlad
Planificare excursie,Valcea,Vom alege locatia si ne vom interesa de cazare si mijloace de transport,2,Alin&Vlad
Planificare excursie,Valcea,Vom alege locatia si ne vom interesa de cazare si mijloace de transport,2,Alin&Vlad
Planificare excursie,Valcea,Vom alege locatia si ne vom interesa de cazare si mijloace de transport,2,Alin&Vlad
Planificare excursie,Valcea,Vom alege locatia si ne vom interesa de cazare si mijloace de transport,2,Alin&Vlad
Planificare excursie,Valcea,Vom alege locatia si ne vom interesa de cazare si mijloace de transport,2,Alin&Vlad
Planificare excursie,Valcea,Vom alege locatia si ne vom interesa de cazare si mijloace de transport,2,Alin&Vlad
Planificare excursie,Valcea,Vom alege locatia si ne vom interesa de cazare si mijloace de transport,2,Alin&Vlad
Planificare excursie,Valcea,Vom alege locatia si ne vom interesa de cazare si mijloace de transport,2,Alin&Vlad
Planificare excursie,Valcea,Vom alege locatia si ne vom interesa de cazare si mijloace de transport,2,Alin&Vlad
Planificare excursie,Valcea,Vom alege locatia si ne vom interesa de cazare si mijloace de transport,2,Alin&Vlad
Planificare excursie,Valcea,Vom alege locatia si ne vom interesa de cazare si mijloace de transport,2,Alin&Vlad
Planificare excursie,Valcea,Vom alege locatia si ne vom interesa de cazare si mijloace de transport,2,Alin&Vlad
Planificare excursie,Valcea,Vom alege locatia si ne vom interesa de cazare si mijloace de transport,2,Alin&Vlad
Planificare excursie,Valcea,Vom alege locatia si ne vom interesa de cazare si mijloace de transport,2,Alin&Vlad
Planificare excursie,Valcea,Vom alege locatia si ne vom interesa de cazare si mijloace de transport,2,Alin&Vlad
Planificare excursie,Valcea,Vom alege locatia si ne vom interesa de cazare si mijloace de transport,2,Alin&Vlad
Planificare excursie,Valcea,Vom alege locatia si ne vom interesa de cazare si mijloace de transport,2,Alin&Vlad
Planificare excursie,Valcea,Vom alege locatia si ne vom interesa de cazare si mijloace de transport,2,Alin&Vlad
Planificare excursie,Valcea,Vom alege locatia si ne vom interesa de cazare si mijloace de transport,2,Alin&Vlad
Planificare excursie,Valcea,Vom alege locatia si ne vom interesa de cazare si mijloace de transport,2,Alin&Vlad
Planificare excursie,Valcea,Vom alege locatia si ne vom interesa de cazare si mijloace de transport,2,Alin&Vlad
Planificare excursie,Valcea,Vom alege locatia si ne vom interesa de cazare si mijloace de transport,2,Alin&Vlad
Planificare excursie,Valcea,Vom alege locatia si ne vom interesa de cazare si mijloace de transport,2,Alin&Vlad
Planificare excursie,Valcea,Vom alege locatia si ne vom interesa de cazare si mijloace de transport,2,Alin&Vlad
Planificare excursie,Valcea,Vom alege locatia si ne vom interesa de cazare si mijloace de transport,2,Alin&Vlad
Planificare excursie,Valcea,Vom alege locatia si ne vom interesa de cazare si mijloace de transport,2,Alin&Vlad
Planificare excursie,Valcea,Vom alege locatia si ne vom interesa de cazare si mijloace de transport,2,Alin&Vlad
Planificare excursie,Valcea,Vom alege locatia si ne vom interesa de cazare si mijloace de transport,2,Alin&Vlad
Planificare excursie,Valcea,Vom alege locatia si ne vom interesa de cazare si mijloace de transport,2,Alin&Vlad
